,파일명,확장자,너비,높이
0,img10_300.jpg,JPEG,300,300
1,img11_300.jpg,JPEG,300,300
2,img12_300.jpg,JPEG,300,300
3,img13_300.jpg,JPEG,300,300
4,img14_300.jpg,JPEG,300,300
5,img15_300.jpg,JPEG,300,300
6,img16_300.jpg,JPEG,300,300
7,img17_300.jpg,JPEG,300,300
8,img18_300.jpg,JPEG,300,300
9,img19_300.jpg,JPEG,300,300
10,img1_300.jpg,JPEG,300,300
11,img20_300.jpg,JPEG,300,300
12,img21_300.jpg,JPEG,300,300
13,img22_300.jpg,JPEG,300,300
14,img23_300.jpg,JPEG,300,300
15,img24_300.jpg,JPEG,300,300
16,img25_300.jpg,JPEG,300,300
17,img26_300.jpg,JPEG,300,300
18,img27_300.jpg,JPEG,300,300
19,img28_300.jpg,JPEG,300,300
20,img29_300.jpg,JPEG,300,300
21,img2_300.jpg,JPEG,300,300
22,img30_300.jpg,JPEG,300,300
23,img3_300.jpg,JPEG,300,300
24,img4_300.jpg,JPEG,300,300
25,img5_300.jpg,JPEG,300,300
26,img6_300.jpg,JPEG,300,300
27,img7_300.jpg,JPEG,300,300
28,img8_300.jpg,JPEG,300,300
29,img9_300.jpg,JPEG,300,300
30,pic1_300.jpg,JPEG,300,300
31,pic2_300.jpg,JPEG,300,300
32,pic3_300.jpg,JPEG,300,300
33,pic_300.jpg,JPEG,300,300
