,ЦФРЯИэ,ШЎРхРк,ГЪКё,ГєРЬ
0,pic3.jpg,JPEG,377,400
1,pic3.jpg,JPEG,599,400
2,pic3.jpg,JPEG,411,400
3,pic3.jpg,JPEG,356,400
4,pic3.jpg,JPEG,623,400
5,pic3.jpg,JPEG,533,400
6,pic3.jpg,JPEG,511,400
7,pic3.jpg,JPEG,333,400
8,pic3.jpg,JPEG,533,400
9,pic3.jpg,JPEG,603,400
10,pic3.jpg,JPEG,600,400
11,pic3.jpg,JPEG,433,400
12,pic3.jpg,JPEG,534,400
13,pic3.jpg,JPEG,519,400
14,pic3.jpg,JPEG,300,400
15,pic3.jpg,JPEG,534,400
16,pic3.jpg,JPEG,522,400
17,pic3.jpg,JPEG,534,400
18,pic3.jpg,JPEG,500,400
19,pic3.jpg,JPEG,640,400
20,pic3.jpg,JPEG,533,400
21,pic3.jpg,JPEG,641,400
22,pic3.jpg,JPEG,564,400
23,pic3.jpg,JPEG,300,400
24,pic3.jpg,JPEG,533,400
25,pic3.jpg,JPEG,537,400
26,pic3.jpg,JPEG,533,400
27,pic3.jpg,JPEG,510,400
28,pic3.jpg,JPEG,554,400
29,pic3.jpg,JPEG,533,400
30,pic3.jpg,PNG,512,271
31,pic3.jpg,JPEG,630,338
32,pic3.jpg,JPEG,275,183
